"","country","continent","year","lifeExp","pop","gdpPercap"
"1","Australia","Oceania",2002,80.37,19546792,30687.75473
"2","Hong Kong, China","Asia",2002,81.495,6762476,30209.01516
"3","Iceland","Europe",2002,80.5,288030,31163.20196
"4","Italy","Europe",2002,80.24,57926999,27968.09817
"5","Japan","Asia",2002,82,127065841,28604.5919
"6","Sweden","Europe",2002,80.04,8954175,29341.63093
"7","Switzerland","Europe",2002,80.62,7361757,34480.95771
